Name of Drug,Composition,Manufacturer
Ceftriaxone Injection IP,Each vial contains Ceftriaxone Sodium IP (Sterile) eq. to Ceftriaxone 1000 mg,Alfy Parenterals
Ferrous Sulphate & Folic Acid Tablets IP,"Each sugar coated tablet contains: Ferrous Sulphate IP, Folic Acid IP",Alfy Parenterals
Calcium and Vitamin D3 Tablets IP,"Each uncoated tablet contains: Calcium Carbonate IP 1250 mg (eq. to Calcium 500 mg), Stabilized Vitamin D3 (eq. to Vitamin D3 IP 250 IU)",Affy Parenterls
Vitamin C Chewable tablets Limcee orange flovour,"Each uncoated chewable tablet contains: Ascorbic Acid IP 100mg, Sodium Ascorbate IP 450mg Eq to Ascorbic Acid 400mg",ABBOT HEALTHCARE PVT LTD
DICLOWIN PLUS,"Each uncoated tablet contains: Diclofenac Sodium IP 50mg (Gastro resistant Coated), Paracetamol IP 325mg",Unicare India Ltd
PARACIP 500,Each uncoated tablet contains: Paracetamol IP 500mg,HSN Biotech
Alkof Cold & Flu,"Each uncoated tablet contains: Paracetamol IP 325 mg, Phenylephrine Hydrocholoride IP 5mg, Levocetirizine IP 5mg, Dextromethorphan Hydrobromide IP 5mg, Caffeine (Anhydrous) IP 30mg",Samson Laboratories Pvt Ltd
METSPOT XL 25,Each film coated tablet contains: Metoprolol Succinate IP 23.7 mg Eq.to Metoprolol Tartrate 25mg,Cadila Pharmaceuticals
Phensedyl LM,"Each film coated tablet contains: Levocetrizine Hydrochloride IP 5mg, Montelukast Sodium IP Eq to Montelukast 10mg",Akums Drugs Pharmaceuticals Ltd
Telmed 20,Each uncoated tablet contains: Telmisartan IP 20mg,Medley Pharmaceuticals Ltd
Acenac P,"Each film coated tablet contains: Aceclofenac IP 100mg, Paracetamol IP 325mg",Medley Pharmaceuticals Ltd
Telmed H,"Each uncoated bilayered tablet contains: Telmisartan IP 40mg, Hydrochlorothiazide IP 12.5mg",Medley Pharmaceuticals Ltd
PUC 650,Each uncoated tablet contains: Paracetamol IP 650 mg,Alkem Healthsciences
PUC 500,Each uncoated tablet contains: Paracetamol IP 500 mg,Alkem Healthsciences
DOLO 650,Each uncoated tablet contains: Paracetamol IP 650 mg,Micro Labs Ltd
Statset™ A20/75,"Each hard gelatin capsule contains: Rosuvastatin Calcium IP Eq. to Rosuvastatin 20mg, Aspirin IP (as enteric coated tablets) 75mg",Eswar Therapeutics Pvt. Ltd.
Beniroz 8,Each film coated tablet contains: Benidipine Hydrochloride JP 8mg,Eswar Therapeutics Pvt. Ltd.
TelBid 20,Each film coated tablet contains: Telmisartan IP 20mg (as Micronized),Eswar Therapeutics Pvt. Ltd.
Telvas 40,Each uncoated tablet contains: Telmisartan IP 40mg,Aristo Pharmaceuticals Pvt Ltd
Dolo 650 (Paracetamol Tablets),Each uncoated tablet contains: Paracetamol IP 650 mg,Micro Labs Limited
Pantop DSR,"Each hard gelatin capsule contains: Pantoprazole Sodium IP Eq to Pantoprazole 40mg (In the form of 2 gastric resistant Pantoprazole Tablets 20mg), Domperidone IP 30mg as sustained release pellets",Aristo Pharmaceuticals Pvt Ltd
Quel-100,Each Film coated tablet Contains: Quetiapine Fumarate IP Eq to Quetiapine 100mg,IPCA Laboratories Ltd
Esfenac-MR,"Each Film coated tablet Contains: Aceclofenac IP 100mg, Paracetamol I.P. 325mg, Chlorzoxazone U.S.P. 250mg",Gnosis Pharmaceuticals Pvt Ltd
Desmid-OD 250 Tablets,Each Film coated tablet Contains: Divalproex Sodium IP Eq to Valproic Acid 250mg,Gnosis Pharmaceuticals Pvt Ltd
NEUROF PG,"Each hard gelatin capsule contains: Methylcobalamin I.P. 750 mcg, Pregabalin I.P. 75 mg",India Life Bio Science
SOMPRAZ 40,Each enteric-coated tablet contains: Esomeprazole Magnesium Trihydrate IP equivalent to Esomeprazole 40 mg,Sun Pharma Laboratories Ltd.
Encorate,Each 5 ml contains: Sodium Valproate IP 200 mg,Sun Pharmaceutical Ind. Ltd.
Spasmonil,"Each uncoated tablet contains: Dicyclomine Hydrochloride IP 20mg, Paracetamol IP 325mg",HSN International
PCM Paracetamol Infusion,"Each 100ml contains: Paracetamol IP 1000 mg, Water for injection IP",Axa Parenterals Ltd
NICIP MD Nimesulide Mouth Dissolving Tablet,Each uncoated tablet Contains: Nimesulide BP 100 mg,Cipla Ltd
Microcef CV,"Each film coated tablet contains: Cefpodoxime Proxetil IP Eq to Cefpodoxime 200mg, Potassium Clavulanate Diluted IP eq to Clavulanic Acid 125mg",Micro Labs Ltd
Ritecfef O 200,Each uncoated dispersible tablet contains: Cefixime IP as Trihydrate Eq to anhydrous Cefixime 200mg,Micro Labs Ltd
Teneligliptin & Metformin Hydrochloride Prolonged Release Tablets I.P. (20 mg/1000 mg),"Each uncoated bilayered tablet contains: Teneligliptin Hydrobromide Hydrate IP Equivalent to Teneligliptin 20 mg, Metformin Hydrochloride IP 1000 mg (As Prolonged Release Form)",Mascot Health Series Pvt. Ltd.
Fenofibrate Tablets IP 145mg,Each film coated tablet contains: Fenofibrate IP 145 mg,Pure & Cure Healthcare Pvt Ltd
Metoprolol Succinate Prolonged release and Amlodipine Besilate Tablets IP,"Each film coated bilayered tablet contains: Metoprolol Succinate IP 47.5mg Eq to Metoprolol Tartrate (as prolonged release form), Amlodipine Besylate IP Eq to Amlodipine 5mg",Pure & Cure Healthcare Pvt Ltd
Yorkmox-CV 625 Amoxycillin & Potassium Clavulanate Tablets IP,"Each film coated tablet contains: Amoxycillin Trihydrate IP eq. to Amoxycillin 500 mg, Potassium Clavulanate Diluted IP eq. to Clavulanic Acid 125 mg",Addii Biotech Pvt. Ltd.
Neubest-Forte Prochlorperazine Maleate & Paracetamol Tablets,"Each uncoated tablet contains: Prochlorperazine Maleate I.P. 5 mg, Paracetamol I.P. 650 mg",Biosearch Organics
Piltop-DSR Rabeprazole Sodium & Domperidone (SR) Capsules,"Each hard gelatin capsule contains: Rabeprazole Sodium IP 20 mg (as Enteric Coated Pellets), Domperidone I.P. 30 mg (as Sustained Release Pellets)",Psychotropics India Limited
Dextrose P 25%,"Each ml contains: Dextrose Anhydrous 25% w/v, Water for Injection",Alkem Laboratories Ltd.
SinaRest Tablets,"Each tablet contains: Paracetamol 500 mg, Phenylephrine HCl 10 mg, Chlorpheniramine Maleate 2 mg",Centaur Pharmaceuticals Pvt. Ltd.
DNS Injection,"Each ml contains: Sodium Chloride 0.9g, Dextrose Anhydrous 5g, Water for Injection",Biosynergy Lifecare Pvt. Ltd.
Vinicor XL 50 Metoprolol Succinate Prolonged-Release Tablets IP 50 mg,Each film-coated prolonged-release tablet contains: Metoprolol Succinate IP 47.5 mg equivalent to Metoprolol Tartrate 50 mg,Ipca Laboratories Ltd.
Vinicor-D 25 Metoprolol Succinate 25 mg Extended-Release & Chlorthalidone 6.25 mg Tablets,"Each film-coated bilayered tablet contains: Metoprolol Succinate IP 23.75 mg equivalent to Metoprolol Tartrate 25 mg (as extended-release pellets), Chlorthalidone IP 6.25 mg",Ipca Laboratories Ltd.
Cute E-400 Vitamin E Capsules USP 400 IU,Each Soft Gelatin Capsule Contains: Vitamin E (Equiv. to 268.4 mg of d-alpha tocopherol from natural vegetable oils) USP (400 IU),Glamour Laboratories (I) Pvt. Ltd.
LOSARTAN POTASSIUM & AMLODIPINE TABLETS IP 50mg/5mg,"Each film coated tablet contains: Losartan Potassium IP 50mg, Amlodipine Besylate IP 5mg Eq to Amlodipine 5mg",Wings Biotech LLP
Atorvastatin & Clopidogrel Caps 10mg/75mg,"Each hard gelatin capsule contains: Atorvastatin Calcium IP Eq to Atorvastatin 10mg (as pellets), Clopidogrel Bisulphate IP eq to Clopidogrel (as pellets)",Mascot Healthcare Series Pvt Ltd
Metoprolol Succinate Prolonged release and Amlodipine Besilate Tablets IP 50mg/5mg,"Each film coated bilayered tablet contains: Metoprolol Succinate IP 47.5mg Eq to Metoprolol Tartrate (as prolonged release form), Amlodipine Besylate IP Eq to Amlodipine 5mg",Mascot Healthcare Series Pvt Ltd
Typhonil OZ,"Each film coated tablet contains: Ofloxacin IP 200mg, Ornidazole IP 500mg",Biosearch Organics
ZEROCEF-O,"Each film coated tablet contains: Cefixime (as trihydrate) eq. to Cefixime Anhydrous IP 200mg, Ofloxacin IP 200mg",Ultratech Pharmaceuticals
ECOGESIC SP,"Each film coated tablet contains: Aceclofenac IP 100mg, Paracetamol IP 325mg, Serratiopeptidase IP 15mg (30000 units as enteric coated granules)",Biosearch Organics
RESTKUF-AM,"Each 5ml contains: Loratadine USP 5mg, Ambroxol HCl IP 30mg, Guaiphenesin IP 50mg",Cosmas Pharmacls Ltd
"Nesffin – plus Liquid Paraffin, Milk of Magnesia & Sodium Picosulphate Suspension","Each 5ml contains: Liquid Paraffin IP 1.25ml, Milk of Magnesia IP 3.25 ml, Sodium Picosulphate BP 3.33mg",Indamed Pharmaceuticals Pvt Ltd
RESTKUF-LS,"Each 5ml contains: Ambroxol HCl IP 30mg, Guaiphenesin IP 50mg, Levosalbutamol sulphate IP Eq to levosalbutamol 1mg",Cosmas Pharmacls Ltd
TeleAct AM,"Each uncoated bilayered tablet contains: Telmisartan IP 40 mg, Amlodipine Besilate IP equivalent to Amlodipine 5 mg",Hetero Labs Limited
Delbi 100DT,Each uncoated dispersible tablet contains: Cefixime IP equivalent to Anhydrous Cefixime 100 mg,Indu Drugs Pvt. Ltd.
New ROLES D,"Each hard gelatin capsule contains: Rabeprazole Sodium IP (as enteric coated pellets) 20 mg, Domperidone IP (as immediate release pellets) 10 mg, Domperidone IP 20 mg (as sustained release pellets)",Swefn Pharmaceuticals Pvt Ltd
ASCODEX LS Junior,"Each 5ml contains: Levosalbutamol Sulphate I.P. (Eq. to Levosalbutamol 0.5 mg), Ambroxol Hydrochloride I.P. (15 mg), Guaiphenesin I.P. (50 mg)",Glenmark Pharmaceuticals Ltd.
Ascodex SF,"Each 5ml contains: Terbutaline Sulphate I.P. (1.25 mg), Bromhexine Hydrochloride I.P. (2 mg), Guaiphenesin I.P. (50 mg)",Glenmark Pharmaceuticals Ltd.
Rexcof DX,"Each 5ml contains: Dextromethorphan Hydrobromide I.P. (10 mg), Chlorpheniramine Maleate I.P. (2 mg)",Glenmark Pharmaceuticals Ltd.
Pan-D Pantoprazole Gastro-Resistant and Domperidone Prolonged-Release Capsules IP,"Each hard gelatin capsule contains: Pantoprazole (as Gastro-Resistant Pellets) IP 40 mg, Domperidone (as Prolonged-Release Pellets) IP 30 mg",Alkem Health Science
Niftas Nitrofurantoin Sustained Release Tablets 100 mg,Each film coated sustained release tablet contains: Nitrofurantoin IP 100 mg,Intas Pharmaceuticals Ltd.
Zortel-CT40 Telmisartan & Chlorthalidone Tablets,"Each film coated tablet contains: Telmisartan IP 40 mg, Chlorthalidone IP 12.5 mg",Zoic Biotech Pvt. Ltd.
Negox UTI,"Each film coated tablet contains: Flavoxate Hydrochloride IP 200 mg, Ofloxacin IP 200mg",Ravenbhel Healthcare Pvt Ltd
NOZEX L,"Each uncoated tablet contains: Levocetirizine hydrochloride IP 2.5mg, Phenylephrine hydrochloride IP 10mg, Paracetamol IP 500mg",Ravenbhel Healthcare Pvt Ltd
Negox OZ,"Each film coated tablet contains: Ofloxacin IP 200mg, Ornidazole IP 500mg",Ravenbhel Healthcare Pvt Ltd
Pregafab -M,"Each hard gelatin capsule contains: Pregabalin IP 75mg, Methylcobalamin IP 750mcg",Mascot Health Series Pvt Ltd
Vertioff 8,Each uncoated tablet contains: Betahistine Hydrochloride IP 8mg,Swefn Pharmaceuticals Pvt Ltd
Rabefresh DSR,"Each hard gelatin capsule contains: Rabeprazole Sodium IP 20mg (as enteric coated pellets), Domperidone IP 30mg (as sustained release pellets)",Swefn Pharmaceuticals Pvt Ltd
Lerzin M,"Each film coated tablet contains: Montelukast Sodium IP eq to Montelukast 10mg, Levocetirizine HCl IP 5mg",Galpha Laboratories Ltd
TEMPED,Each uncoated tablet Contains: Paracetamol IP 500mg,Ozone Pharmaceuticals Ltd
S AMCARD 5,Each uncoated tablet contains: S(-) Amlodipine Besylate IP Eq to S(-) Amlodipine 5mg,The Madras Pharmaceuticals
Lcet -M Kid,"Each uncoated flavoured dispersible tablet contains: Levocetirizine hydrochloride IP 2.5mg, Montelukast sodium IP Eq to Montelukast 4mg",Salud Care Pvt Ltd
Cepowel -100 DT,Each uncoated dispersible tablet contains: Cefpodoxime proxetil IP eq to Cefpodoxime 100mg,LOGOS Pharma
Trecef dry syrup Cefuroxime axetil for oral suspension usp,Each 5 ml of reconstituted suspension contains Cefuroxime axetil IP Eq to cefuroxime anhydrous 125 mg,Alps Communications Pvt Ltd
Nervofit PG (SR),"Each film coated bilayered tablet contains: Methylcobalamin IP 750 mcg, Pregabalin 75 mg IP (as sustained release)",Pure & Cure Healthcare Pvt. Ltd.
Aceclofenac & Diacerein Tablets NEONAC-D,"Each film coated tablet contains: Aceclofenac IP 100mg, Diacerein IP 50 mg",Salus Pharmaceuticals
EMOCIT BM,"Each film coated tablet contains: Bilastine 20 mg, Montelukast Sodium IP 10 mg eq. to Montelukast",Logos Pharma
KETOPACE DT Ketorolac Tromethamine Dispersible Tablets IP,Each uncoated tablet contains: Ketorolac Tromethamine IP 10mg,LOGOS Pharma
MoxiCom CV Amoxycillin & Potassium Clavulanate Tablets IP,"Each film coated tablet contains: Amoxycillin Trihydrate IP Eq to Amoxycillin 500 mg, Potassium Clavulanate Diluted IP Eq to Clavulanic Acid 125mg",Alps Communications Pvt Ltd
ETORPACT 90,Each film coated tablet contains: Etoricoxib IP 90mg,Comex Pharma
Cefuroxime Injection IP 1500 mg,Each vial contains: Sterile Cefuroxime Sodium IP Eq to Cefuroxime 1500mg,Agron Remedies Pvt. Ltd.
Torist -10,Each uncoated tablet contains: Torsemide IP 10mg,ADDII BIOTECH PVT. LTD.
PBCtreat Tablets,Each film coated tablet contains: Ursodeoxycholic acid IP 300mg,Neptune Life Sciences Pvt. Ltd.
My Block DSR,"Each hard gelatin capsule contains: Pantoprazole Sodium IP (As Sesquihydrate) Eq. to Pantoprazole 40 mg (As enteric coated pellets), Domperidone IP 30 mg (As sustained release pellets)",Supermax Drugs & Pharmaceuticals Pvt. Ltd.
Cozymin +,"Each uncoated tablet Contains: Cetirizine Dihydrochloride IP 5mg, Phenylephrine HCl IP 5mg, Paracetamol IP 500 mg",UNIBIOTECH Formulations
ULGEL- A,"Each 5ml contains: Magaldrate IP 540mg, Simethicone IP 50mg, Oxetacaine BP 10mg",Alembic Pharmaceuticals Ltd.
Cremaffin Plus,"Each 5ml contains: Liquid Paraffin IP 1.25ml, Milk of Magnesia IP 3.75ml, Sodium Picosulfate BP 3.33mg",Abbott India Ltd
Cetadom,"Each film coated tablet contains: Paracetamol IP 325mg, Domperidone Maleate eq to Domperidone 10mg",Intas Pharmaceuticals
TELCOM H,"Each uncoated tablet contains: Telmisartan IP 40mg, Hydrochlorothiazide IP 12.5mg",Cosmas Pharmaceuticals Ltd
Duloxetine Gastro resistant tablets,Each enteric coated tablet contains: Duloxetine Hydrochloride IP eq to Duloxetine 20mg,TORRENT PHARMACEUTICALS LTD
Montemost-LC KID DT,"Each uncoated dispersible tablet contains: Montelukast Sodium IP eq. to Montelukast 4 mg, Levocetirizine Hydrochloride IP 2.5 mg",Swefn Pharmaceuticals Pvt. Ltd.
DEFRUSH 6 TABLETS,Each uncoated tablet contains: Deflazacort 6 mg,Swefn Pharmaceuticals Pvt. Ltd.
Thiomart A,"Each film coated tablet contains: Aceclofenac IP 100 mg, Thiocolchicoside IP 4 mg",Swefn Pharmaceuticals Pvt. Ltd.
SPASMOLAR -P,"Each uncoated tablet contains: Dicyclomine hydrochloride IP 20mg, Paracetamol IP 325 mg",SAMSON LABORATORIES PVT LTD
Larkin 650,Each uncoated tablet contains: Paracetamol IP 650 mg,Renowned Life Sciences
Clavimox Tablets,"Each film coated tablet contains: Amoxycillin Trihydrate IP Eq to Amoxycillin 500mg, Potassium Clavulanate Diluted IP eq to clavulanic acid 125mg",Theon Pharmaceuticals Ltd
SUMOL 650,Each uncoated tablet contains: Paracetamol IP 650 mg,Alkem Healthsciences
Macfast 650,Each uncoated tablet contains: Paracetamol IP 500 mg,Macleods Pharmaceuticals Ltd
CLAVAM 375,"Each film coated tablet contains: Amoxycillin Trihydrate IP Eq to Amoxycillin 250mg, Potassium Clavulanate Diluted IP eq to clavulanic acid 125mg",Alkem Healthsciences
Renosave N-Acetylcysteine & Taurine Tablets,"Each film coated tablet contains: N-Acetylcysteine USP 150 mg, Taurine USP 500 mg",Pharose Remedies Limited
Mysoda 1G Sodium Bicarbonate Granules Sachet 1 g,Each sachet contains: Sodium Bicarbonate I.P. 1 g,Supermax Drugs & Pharmaceuticals Pvt. Ltd.
Esogress-40 Esomeprazole Gastro-Resistant Tablets IP 40 mg,"Each gastro resistant tablet contains: Esomeprazole Magnesium Trihydrate IP eq. to Esomeprazole 40 mg, Sodium Bicarbonate as buffer",Stanford Laboratories Pvt. Ltd.
Telvas-AM Telmisartan and Amlodipine Tablets IP,"Each uncoated bilayered Tablet contains: Telmisartan IP 40mg, Amlodipine besylate IP 5mg Eq to Amlodipine 5mg",ARISTO Pharmaceuticals Private Limited
Pantop-D SR,"Each hard gelatin capsule contains: Pantoprazole Sodium IP Equivalent to Pantoprazole 40 mg (In the form of two gastro-resistant Pantoprazole tablets 20 mg), Domperidone IP (As sustained-release pellets) 30 mg",ARISTO Pharmaceuticals Private Limited
THYROX 25 (Thyroxine Sodium Tablets IP),Each uncoated tablet contains: Thyroxine Sodium IP equivalent to anhydrous Thyroxine Sodium 25 mcg,MACLEODS PHARMACEUTICALS LTD.
GABIUM NT,"Each film coated tablet contains: Pregabalin IP 37.5 mg, Nortriptyline HCl IP eq. to Nortriptyline 10mg",Vowcare Products
UTEL HT,"Each film coated tablet contains: Telmisartan IP 40mg, Hydrochlorothiazide IP 12.5mg",Vowcare Products
Napridol 250,"Each film coated tablet contains: Naproxen Sodium U.S.P. eq. to Naproxen 250mg, Domperidone IP 10mg",Vowcare Products
SERRIFLAM-D,"Each film coated tablet contains: Diclofenac Potassium BP 50 mg, Serratiopeptidase IP 10mg (as enteric coated granules) Eq to enzyme activity of 20000 units",VIP Pharmaceuticals Pvt Ltd
Cefixime Tablets IP 200mg,Each film coated tablet contains: Cefixime Trihydrate IP eq. to Cefixime Anhydrous 200mg,Bharat Parentals Ltd
Misoprostol Tablet IP 200mcg,Each uncoated tablet contains: Misoprostol IP 200mcg,Bharat Parentals Ltd
